split,model,Stage_cat,Cell_type,class,n_cells,mean_prob,q90_prob
test,Categorical EM-MMIL,I,Undetermined,I,2,0.8969573998461359,0.9679580443249411
test,Categorical EM-MMIL,I,B lymphocytes,I,43,0.7632614850047524,0.9805161825118925
test,Categorical EM-MMIL,I,Myeloid cells,I,168,0.6057114418181437,0.9686106994468789
test,Categorical EM-MMIL,I,T lymphocytes,I,248,0.5913133373927691,0.9676950467586677
test,Categorical EM-MMIL,I,Fibroblasts,I,31,0.45904359076079665,0.9392284036160315
test,Categorical EM-MMIL,I,MAST cells,I,35,0.45731680550347886,0.8090716715919678
test,Categorical EM-MMIL,I,Endothelial cells,I,29,0.3912622600321861,0.7650830867234198
test,Categorical EM-MMIL,I,NK cells,I,81,0.34193876212181884,0.7674380910076646
test,Categorical EM-MMIL,I,Epithelial cells,I,109,0.2665778513476364,0.7820676013683803
test,Categorical EM-MMIL,I,Fibroblasts,II_III,31,0.3362151413892208,0.999922748980938
test,Categorical EM-MMIL,I,NK cells,II_III,81,0.2667091802292826,0.8291531662493531
test,Categorical EM-MMIL,I,MAST cells,II_III,35,0.2628652483121302,0.5825816294167137
test,Categorical EM-MMIL,I,Epithelial cells,II_III,109,0.23080718560624347,0.8193366556528762
test,Categorical EM-MMIL,I,T lymphocytes,II_III,248,0.20478319426339636,0.6560816559372882
test,Categorical EM-MMIL,I,Myeloid cells,II_III,168,0.1458422204147227,0.3976999399479523
test,Categorical EM-MMIL,I,Endothelial cells,II_III,29,0.044065569482295563,0.13693596886161896
test,Categorical EM-MMIL,I,B lymphocytes,II_III,43,0.018903571996440553,0.019025962743105404
test,Categorical EM-MMIL,I,Undetermined,II_III,2,3.8845587047486655e-07,4.0224566745761267e-07
test,Categorical EM-MMIL,I,Endothelial cells,IV,29,0.5646721704855182,0.916723478826176
test,Categorical EM-MMIL,I,Epithelial cells,IV,109,0.5026149630461202,0.9938455388170506
test,Categorical EM-MMIL,I,NK cells,IV,81,0.3913520576488984,0.8987782021100179
test,Categorical EM-MMIL,I,MAST cells,IV,35,0.2798179461843908,0.6396895971527322
test,Categorical EM-MMIL,I,Myeloid cells,IV,168,0.24844633776713354,0.8305692613251985
test,Categorical EM-MMIL,I,B lymphocytes,IV,43,0.21783494299880712,0.594115959066666
test,Categorical EM-MMIL,I,Fibroblasts,IV,31,0.20474126784998242,0.640768935959542
test,Categorical EM-MMIL,I,T lymphocytes,IV,248,0.20390346834383447,0.5666118950776272
test,Categorical EM-MMIL,I,Undetermined,IV,2,0.1030422116979936,0.17404284238700193
test,Categorical EM-MMIL,II_III,Undetermined,I,1,0.6591335049561069,0.6591335049561069
test,Categorical EM-MMIL,II_III,Myeloid cells,I,53,0.6340325837976982,0.9748298949165658
test,Categorical EM-MMIL,II_III,T lymphocytes,I,138,0.6216349585315585,0.9746494339725552
test,Categorical EM-MMIL,II_III,MAST cells,I,3,0.6189974159952253,0.8952914542667918
test,Categorical EM-MMIL,II_III,B lymphocytes,I,40,0.5283671326674909,0.8984004101857757
test,Categorical EM-MMIL,II_III,Endothelial cells,I,1,0.3556699345604199,0.3556699345604199
test,Categorical EM-MMIL,II_III,Epithelial cells,I,10,0.2667416493418121,0.6571643424822807
test,Categorical EM-MMIL,II_III,NK cells,I,5,0.25497259849930276,0.4519964150350552
test,Categorical EM-MMIL,II_III,Epithelial cells,II_III,10,0.5106066852395063,0.7982996981643042
test,Categorical EM-MMIL,II_III,MAST cells,II_III,3,0.20136305712731373,0.3443102089773197
test,Categorical EM-MMIL,II_III,T lymphocytes,II_III,138,0.0586363884342395,0.17503336252087015
test,Categorical EM-MMIL,II_III,Myeloid cells,II_III,53,0.05671505522110429,0.20104139362988827
test,Categorical EM-MMIL,II_III,NK cells,II_III,5,0.017898324435477522,0.046808091369986204
test,Categorical EM-MMIL,II_III,B lymphocytes,II_III,40,0.011995916482249954,0.015203707817593719
test,Categorical EM-MMIL,II_III,Endothelial cells,II_III,1,0.0013188529127308,0.0013188529127308
test,Categorical EM-MMIL,II_III,Undetermined,II_III,1,3.1281928113452187e-06,3.1281928113452187e-06
test,Categorical EM-MMIL,II_III,NK cells,IV,5,0.7271290770652197,0.9107153307861651
test,Categorical EM-MMIL,II_III,Endothelial cells,IV,1,0.6430112125268491,0.6430112125268491
test,Categorical EM-MMIL,II_III,B lymphocytes,IV,40,0.459636950850259,0.8883827332584913
test,Categorical EM-MMIL,II_III,Undetermined,IV,1,0.3408633668510817,0.3408633668510817
test,Categorical EM-MMIL,II_III,T lymphocytes,IV,138,0.319728653034202,0.837088719177052
test,Categorical EM-MMIL,II_III,Myeloid cells,IV,53,0.30925236098119746,0.9053148513111078
test,Categorical EM-MMIL,II_III,Epithelial cells,IV,10,0.22265166541868164,0.5922439974578706
test,Categorical EM-MMIL,II_III,MAST cells,IV,3,0.1796395268774609,0.3133182965382071
test,Categorical EM-MMIL,IV,Fibroblasts,I,6,0.29967303321473765,0.8100309277052715
test,Categorical EM-MMIL,IV,B lymphocytes,I,195,0.26779458490154595,0.7294452676352403
test,Categorical EM-MMIL,IV,MAST cells,I,1,0.2477291821653817,0.2477291821653817
test,Categorical EM-MMIL,IV,T lymphocytes,I,344,0.22155627991693913,0.700022761192018
test,Categorical EM-MMIL,IV,NK cells,I,34,0.16827091394763843,0.5324960158403867
test,Categorical EM-MMIL,IV,Epithelial cells,I,267,0.10070156393969164,0.31812226226828794
test,Categorical EM-MMIL,IV,Undetermined,I,8,0.08097875356467855,0.1949335850256104
test,Categorical EM-MMIL,IV,Myeloid cells,I,160,0.047972068369466866,0.12124533369238778
test,Categorical EM-MMIL,IV,Oligodendrocytes,I,6,0.0012760882577898828,0.0026542792545465
test,Categorical EM-MMIL,IV,Oligodendrocytes,II_III,6,0.20426077489878713,0.4637018835881206
test,Categorical EM-MMIL,IV,Fibroblasts,II_III,6,0.07696271705230952,0.22001530629306953
test,Categorical EM-MMIL,IV,NK cells,II_III,34,0.01769748457835026,0.03714977446535845
test,Categorical EM-MMIL,IV,MAST cells,II_III,1,0.0138784513663043,0.0138784513663043
test,Categorical EM-MMIL,IV,Myeloid cells,II_III,160,0.010842130923682637,0.01719520588485288
test,Categorical EM-MMIL,IV,B lymphocytes,II_III,195,0.005187459089403089,0.0026588214348099
test,Categorical EM-MMIL,IV,T lymphocytes,II_III,344,0.004754356778699381,0.007755523480246466
test,Categorical EM-MMIL,IV,Epithelial cells,II_III,267,0.004728154060887922,0.006950028067522121
test,Categorical EM-MMIL,IV,Undetermined,II_III,8,4.912243382748168e-06,1.5504399447239858e-05
test,Categorical EM-MMIL,IV,Myeloid cells,IV,160,0.9411858007068504,0.9999549659852353
test,Categorical EM-MMIL,IV,Undetermined,IV,8,0.9190163341919387,0.9968353271980624
test,Categorical EM-MMIL,IV,Epithelial cells,IV,267,0.8945702819994202,0.9974624528337857
test,Categorical EM-MMIL,IV,NK cells,IV,34,0.8140316014740112,0.9982081965170614
test,Categorical EM-MMIL,IV,Oligodendrocytes,IV,6,0.7944631368434231,0.9870125252124361
test,Categorical EM-MMIL,IV,T lymphocytes,IV,344,0.7736893633043614,0.999190819437191
test,Categorical EM-MMIL,IV,MAST cells,IV,1,0.7383923664683139,0.7383923664683139
test,Categorical EM-MMIL,IV,B lymphocytes,IV,195,0.727017956009051,0.9962365636058912
test,Categorical EM-MMIL,IV,Fibroblasts,IV,6,0.6233642497329527,0.987900714692777
test,Categorical MCEM-MMIL,I,Undetermined,I,2,0.8981994409771817,0.9660388287928925
test,Categorical MCEM-MMIL,I,B lymphocytes,I,43,0.7491361912304075,0.9697907337056999
test,Categorical MCEM-MMIL,I,Myeloid cells,I,168,0.6040127636183115,0.9592866576304079
test,Categorical MCEM-MMIL,I,T lymphocytes,I,248,0.5810480942014833,0.9564973848710522
test,Categorical MCEM-MMIL,I,Fibroblasts,I,31,0.4635040393827344,0.9006496233792964
test,Categorical MCEM-MMIL,I,MAST cells,I,35,0.4616112767456136,0.7674003997390605
test,Categorical MCEM-MMIL,I,Endothelial cells,I,29,0.3591311376932551,0.7058002846039033
test,Categorical MCEM-MMIL,I,NK cells,I,81,0.3421692275718236,0.7541584472133422
test,Categorical MCEM-MMIL,I,Epithelial cells,I,109,0.2713432426132316,0.7428798606242367
test,Categorical MCEM-MMIL,I,Fibroblasts,II_III,31,0.2991302419497471,0.998542958357439
test,Categorical MCEM-MMIL,I,MAST cells,II_III,35,0.2576297345866199,0.5300309082596775
test,Categorical MCEM-MMIL,I,NK cells,II_III,81,0.2538060034546753,0.7857921033464499
test,Categorical MCEM-MMIL,I,Epithelial cells,II_III,109,0.22926181602194887,0.7607695141459304
test,Categorical MCEM-MMIL,I,T lymphocytes,II_III,248,0.20343952612532487,0.607814435876945
test,Categorical MCEM-MMIL,I,Myeloid cells,II_III,168,0.14107691567000027,0.3640552839743319
test,Categorical MCEM-MMIL,I,Endothelial cells,II_III,29,0.04420868282226787,0.11124818854970617
test,Categorical MCEM-MMIL,I,B lymphocytes,II_III,43,0.02088335657675222,0.028970392439165146
test,Categorical MCEM-MMIL,I,Undetermined,II_III,2,4.380845388323249e-06,4.864797876685999e-06
test,Categorical MCEM-MMIL,I,Endothelial cells,IV,29,0.596660179484477,0.9047584134205252
test,Categorical MCEM-MMIL,I,Epithelial cells,IV,109,0.4993949413648193,0.989377604851856
test,Categorical MCEM-MMIL,I,NK cells,IV,81,0.40402476897350104,0.8957707886938479
test,Categorical MCEM-MMIL,I,MAST cells,IV,35,0.28075898866776655,0.6233562816908408
test,Categorical MCEM-MMIL,I,Myeloid cells,IV,168,0.2549103207116882,0.8181750000165541
test,Categorical MCEM-MMIL,I,Fibroblasts,IV,31,0.23736571866751852,0.7968227779703588
test,Categorical MCEM-MMIL,I,B lymphocytes,IV,43,0.2299804521928401,0.593579449512737
test,Categorical MCEM-MMIL,I,T lymphocytes,IV,248,0.21551237967319184,0.5768971825831867
test,Categorical MCEM-MMIL,I,Undetermined,IV,2,0.10179617817742995,0.1696350820406524
test,Categorical MCEM-MMIL,II_III,Undetermined,I,1,0.6973873696006915,0.6973873696006915
test,Categorical MCEM-MMIL,II_III,MAST cells,I,3,0.6291857097648771,0.8900942670603148
test,Categorical MCEM-MMIL,II_III,Myeloid cells,I,53,0.619361431982464,0.9656123339151669
test,Categorical MCEM-MMIL,II_III,T lymphocytes,I,138,0.6080392495998294,0.9645717307302082
test,Categorical MCEM-MMIL,II_III,B lymphocytes,I,40,0.5275877563630158,0.8867944718741607
test,Categorical MCEM-MMIL,II_III,Endothelial cells,I,1,0.360098733661755,0.360098733661755
test,Categorical MCEM-MMIL,II_III,NK cells,I,5,0.2735348743367815,0.46589991266541303
test,Categorical MCEM-MMIL,II_III,Epithelial cells,I,10,0.2725470215926304,0.6151520030798588
test,Categorical MCEM-MMIL,II_III,Epithelial cells,II_III,10,0.4933335012610051,0.7773010820637488
test,Categorical MCEM-MMIL,II_III,MAST cells,II_III,3,0.1934967446240652,0.32494764859504954
test,Categorical MCEM-MMIL,II_III,T lymphocytes,II_III,138,0.0686228895944057,0.22210987228239532
test,Categorical MCEM-MMIL,II_III,Myeloid cells,II_III,53,0.0624365178861656,0.18973979484488732
test,Categorical MCEM-MMIL,II_III,NK cells,II_III,5,0.020382469737928545,0.05245738626106855
test,Categorical MCEM-MMIL,II_III,B lymphocytes,II_III,40,0.014127570682841664,0.018904231683374358
test,Categorical MCEM-MMIL,II_III,Endothelial cells,II_III,1,0.0040748401813198,0.0040748401813198
test,Categorical MCEM-MMIL,II_III,Undetermined,II_III,1,2.5674173882736015e-05,2.5674173882736015e-05
test,Categorical MCEM-MMIL,II_III,NK cells,IV,5,0.7060826559252898,0.8963042261845813
test,Categorical MCEM-MMIL,II_III,Endothelial cells,IV,1,0.6358264261569252,0.6358264261569252
test,Categorical MCEM-MMIL,II_III,B lymphocytes,IV,40,0.45828467295414244,0.8581663031209507
test,Categorical MCEM-MMIL,II_III,T lymphocytes,IV,138,0.3233378608057649,0.8357932134962235
test,Categorical MCEM-MMIL,II_III,Myeloid cells,IV,53,0.3182020501313703,0.883254445588737
test,Categorical MCEM-MMIL,II_III,Undetermined,IV,1,0.3025869562254258,0.3025869562254258
test,Categorical MCEM-MMIL,II_III,Epithelial cells,IV,10,0.23411947714636439,0.5928041816555449
test,Categorical MCEM-MMIL,II_III,MAST cells,IV,3,0.17731754561105775,0.3051235039583718
test,Categorical MCEM-MMIL,IV,MAST cells,I,1,0.3062200252659299,0.3062200252659299
test,Categorical MCEM-MMIL,IV,Fibroblasts,I,6,0.28909732829830365,0.7440651957801234
test,Categorical MCEM-MMIL,IV,B lymphocytes,I,195,0.2766168053247369,0.7213159264890346
test,Categorical MCEM-MMIL,IV,T lymphocytes,I,344,0.22532480204160868,0.6713052566848761
test,Categorical MCEM-MMIL,IV,NK cells,I,34,0.1769555298946743,0.5276880485432837
test,Categorical MCEM-MMIL,IV,Epithelial cells,I,267,0.10202941438902037,0.28787586804829696
test,Categorical MCEM-MMIL,IV,Undetermined,I,8,0.09604995774260328,0.23161888540441028
test,Categorical MCEM-MMIL,IV,Myeloid cells,I,160,0.05287366136615066,0.13739016837408305
test,Categorical MCEM-MMIL,IV,Oligodendrocytes,I,6,0.0021890387235934503,0.0045112813771675
test,Categorical MCEM-MMIL,IV,Oligodendrocytes,II_III,6,0.20010847755850167,0.4244553607614078
test,Categorical MCEM-MMIL,IV,Fibroblasts,II_III,6,0.09457879651393325,0.26149208627737264
test,Categorical MCEM-MMIL,IV,NK cells,II_III,34,0.021148125410722175,0.04917824853556538
test,Categorical MCEM-MMIL,IV,MAST cells,II_III,1,0.0201110827478147,0.0201110827478147
test,Categorical MCEM-MMIL,IV,Myeloid cells,II_III,160,0.012519362732983411,0.026153962228750167
test,Categorical MCEM-MMIL,IV,T lymphocytes,II_III,344,0.0072961205678487235,0.013426730079496796
test,Categorical MCEM-MMIL,IV,B lymphocytes,II_III,195,0.006604100991581858,0.0054283662953242585
test,Categorical MCEM-MMIL,IV,Epithelial cells,II_III,267,0.0061311220259054194,0.01228895203159286
test,Categorical MCEM-MMIL,IV,Undetermined,II_III,8,3.4197114830545014e-05,0.0001015516102841137
test,Categorical MCEM-MMIL,IV,Myeloid cells,IV,160,0.9346069759008658,0.9998159499735233
test,Categorical MCEM-MMIL,IV,Undetermined,IV,8,0.9039158451425662,0.9944430788132265
test,Categorical MCEM-MMIL,IV,Epithelial cells,IV,267,0.8918394635850742,0.9952646737247884
test,Categorical MCEM-MMIL,IV,NK cells,IV,34,0.8018963446946035,0.9964999007420946
test,Categorical MCEM-MMIL,IV,Oligodendrocytes,IV,6,0.7977024837179049,0.9808634913263186
test,Categorical MCEM-MMIL,IV,T lymphocytes,IV,344,0.7673790773905425,0.9982658422030187
test,Categorical MCEM-MMIL,IV,B lymphocytes,IV,195,0.7167790936836812,0.9930379740516498
test,Categorical MCEM-MMIL,IV,MAST cells,IV,1,0.6736688919862553,0.6736688919862553
test,Categorical MCEM-MMIL,IV,Fibroblasts,IV,6,0.616323875187763,0.9554477791166665
test,Naive inherited-label classifier,I,Undetermined,I,2,0.7398137896308428,0.8407002749293889
test,Naive inherited-label classifier,I,B lymphocytes,I,43,0.629255259499794,0.8362774852126393
test,Naive inherited-label classifier,I,Myeloid cells,I,168,0.562374815989419,0.8188938283826273
test,Naive inherited-label classifier,I,T lymphocytes,I,248,0.5298475662712753,0.8085745377648651
test,Naive inherited-label classifier,I,Fibroblasts,I,31,0.4061423920667944,0.7055039310259076
test,Naive inherited-label classifier,I,MAST cells,I,35,0.35446353009622616,0.5343290168031635
test,Naive inherited-label classifier,I,NK cells,I,81,0.336229008233103,0.5639233473268153
test,Naive inherited-label classifier,I,Endothelial cells,I,29,0.328588001393592,0.5318642603826311
test,Naive inherited-label classifier,I,Epithelial cells,I,109,0.2779736165815291,0.5429877352092957
test,Naive inherited-label classifier,I,Fibroblasts,II_III,31,0.3494998588943964,0.8291945901604271
test,Naive inherited-label classifier,I,NK cells,II_III,81,0.3446067811152221,0.6052080552699889
test,Naive inherited-label classifier,I,MAST cells,II_III,35,0.2849063405056714,0.3951247065497204
test,Naive inherited-label classifier,I,Epithelial cells,II_III,109,0.25690918846768396,0.6056865936525657
test,Naive inherited-label classifier,I,T lymphocytes,II_III,248,0.23056211946825042,0.45709764546160964
test,Naive inherited-label classifier,I,Myeloid cells,II_III,168,0.20616569608080243,0.3420639750273048
test,Naive inherited-label classifier,I,Endothelial cells,II_III,29,0.15836788916195868,0.281131533419711
test,Naive inherited-label classifier,I,B lymphocytes,II_III,43,0.08691893722024686,0.13526331850140988
test,Naive inherited-label classifier,I,Undetermined,II_III,2,0.02416305766968175,0.02517676041671011
test,Naive inherited-label classifier,I,Endothelial cells,IV,29,0.5130441094444493,0.738726089599047
test,Naive inherited-label classifier,I,Epithelial cells,IV,109,0.4651171949507869,0.9393327047743257
test,Naive inherited-label classifier,I,MAST cells,IV,35,0.3606301293981024,0.6025805877207946
test,Naive inherited-label classifier,I,NK cells,IV,81,0.3191642106516749,0.6604793430823875
test,Naive inherited-label classifier,I,B lymphocytes,IV,43,0.28382580327995915,0.5358235635982722
test,Naive inherited-label classifier,I,Fibroblasts,IV,31,0.244357749038809,0.6378801004060385
test,Naive inherited-label classifier,I,T lymphocytes,IV,248,0.23959031426047425,0.46693389132997304
test,Naive inherited-label classifier,I,Undetermined,IV,2,0.2360231526994754,0.33792334074505
test,Naive inherited-label classifier,I,Myeloid cells,IV,168,0.23145948792977852,0.6531540844877844
test,Naive inherited-label classifier,II_III,Undetermined,I,1,0.5756091257708474,0.5756091257708474
test,Naive inherited-label classifier,II_III,Myeloid cells,I,53,0.5405744588442934,0.8284640271212212
test,Naive inherited-label classifier,II_III,T lymphocytes,I,138,0.5275352564102588,0.8124088950454926
test,Naive inherited-label classifier,II_III,MAST cells,I,3,0.5137644656387327,0.7568138118596571
test,Naive inherited-label classifier,II_III,B lymphocytes,I,40,0.4737466280603237,0.7168799957234048
test,Naive inherited-label classifier,II_III,Endothelial cells,I,1,0.3500747603526729,0.3500747603526729
test,Naive inherited-label classifier,II_III,NK cells,I,5,0.3247974201349891,0.4400383249011923
test,Naive inherited-label classifier,II_III,Epithelial cells,I,10,0.30848436753599595,0.42166376170664593
test,Naive inherited-label classifier,II_III,Epithelial cells,II_III,10,0.4247249250678918,0.6086053923092964
test,Naive inherited-label classifier,II_III,MAST cells,II_III,3,0.24524850974271506,0.3121225765098939
test,Naive inherited-label classifier,II_III,Myeloid cells,II_III,53,0.15894467974961118,0.2808004235992692
test,Naive inherited-label classifier,II_III,NK cells,II_III,5,0.14588647217898226,0.21177498990789825
test,Naive inherited-label classifier,II_III,T lymphocytes,II_III,138,0.14037221850471196,0.32757028656976955
test,Naive inherited-label classifier,II_III,Endothelial cells,II_III,1,0.1136435197440115,0.1136435197440115
test,Naive inherited-label classifier,II_III,B lymphocytes,II_III,40,0.06159771247252168,0.10932548159665353
test,Naive inherited-label classifier,II_III,Undetermined,II_III,1,0.0551885308639071,0.0551885308639071
test,Naive inherited-label classifier,II_III,Endothelial cells,IV,1,0.5362817199033155,0.5362817199033155
test,Naive inherited-label classifier,II_III,NK cells,IV,5,0.5293161076860287,0.6231201797338376
test,Naive inherited-label classifier,II_III,B lymphocytes,IV,40,0.4646556594671546,0.7558151475528154
test,Naive inherited-label classifier,II_III,Undetermined,IV,1,0.3692023433652453,0.3692023433652453
test,Naive inherited-label classifier,II_III,T lymphocytes,IV,138,0.3320925250850292,0.637586024093592
test,Naive inherited-label classifier,II_III,Myeloid cells,IV,53,0.3004808614060953,0.7406865832653043
test,Naive inherited-label classifier,II_III,Epithelial cells,IV,10,0.26679070739611227,0.5128000630404286
test,Naive inherited-label classifier,II_III,MAST cells,IV,3,0.24098702461855226,0.3712611818482128
test,Naive inherited-label classifier,IV,B lymphocytes,I,195,0.3122986117627172,0.5885993036749119
test,Naive inherited-label classifier,IV,Fibroblasts,I,6,0.276337741534789,0.5718737632392801
test,Naive inherited-label classifier,IV,T lymphocytes,I,344,0.2596018383830694,0.5673525558364021
test,Naive inherited-label classifier,IV,MAST cells,I,1,0.2504489552328833,0.2504489552328833
test,Naive inherited-label classifier,IV,NK cells,I,34,0.21755067348837026,0.40488392648430366
test,Naive inherited-label classifier,IV,Undetermined,I,8,0.15239942259715195,0.29176592945312196
test,Naive inherited-label classifier,IV,Myeloid cells,I,160,0.10911393678604142,0.2733005451930474
test,Naive inherited-label classifier,IV,Epithelial cells,I,267,0.10178437075091606,0.22172553607798837
test,Naive inherited-label classifier,IV,Oligodendrocytes,I,6,0.006441466578638766,0.01141972076694415
test,Naive inherited-label classifier,IV,Oligodendrocytes,II_III,6,0.2419513422300141,0.3706551195769747
test,Naive inherited-label classifier,IV,Fibroblasts,II_III,6,0.16900107770516234,0.36236068701239127
test,Naive inherited-label classifier,IV,NK cells,II_III,34,0.10661596654363092,0.24995548898361877
test,Naive inherited-label classifier,IV,MAST cells,II_III,1,0.0867222263361263,0.0867222263361263
test,Naive inherited-label classifier,IV,Myeloid cells,II_III,160,0.06262595454860387,0.14795827675762943
test,Naive inherited-label classifier,IV,T lymphocytes,II_III,344,0.0625668504159625,0.1129114516866657
test,Naive inherited-label classifier,IV,B lymphocytes,II_III,195,0.049226529951221135,0.08292894005329174
test,Naive inherited-label classifier,IV,Epithelial cells,II_III,267,0.03841364083295155,0.08278387035877656
test,Naive inherited-label classifier,IV,Undetermined,II_III,8,0.027473151093842137,0.04920281883693403
test,Naive inherited-label classifier,IV,Epithelial cells,IV,267,0.8598019884161323,0.9734922505906476
test,Naive inherited-label classifier,IV,Myeloid cells,IV,160,0.8282601086653546,0.9815630655854549
test,Naive inherited-label classifier,IV,Undetermined,IV,8,0.8201274263090058,0.9516475024447482
test,Naive inherited-label classifier,IV,Oligodendrocytes,IV,6,0.7516071911913471,0.9371072971865855
test,Naive inherited-label classifier,IV,T lymphocytes,IV,344,0.6778313112009681,0.9611411882038791
test,Naive inherited-label classifier,IV,NK cells,IV,34,0.6758333599679988,0.9245530877010132
test,Naive inherited-label classifier,IV,MAST cells,IV,1,0.6628288184309904,0.6628288184309904
test,Naive inherited-label classifier,IV,B lymphocytes,IV,195,0.6384748582860615,0.9116989539087685
test,Naive inherited-label classifier,IV,Fibroblasts,IV,6,0.5546611807600486,0.8757357514904991
train,Categorical EM-MMIL,I,B lymphocytes,I,298,0.744623550505733,0.9928950790284299
train,Categorical EM-MMIL,I,T lymphocytes,I,762,0.7177530449665561,0.9949938439116555
train,Categorical EM-MMIL,I,Endothelial cells,I,9,0.7139306649622731,0.9319412127316438
train,Categorical EM-MMIL,I,Undetermined,I,5,0.6956676343747572,0.9711185154944597
train,Categorical EM-MMIL,I,Myeloid cells,I,271,0.6530012888617605,0.980514684724784
train,Categorical EM-MMIL,I,NK cells,I,58,0.580986705222145,0.9942081013678217
train,Categorical EM-MMIL,I,MAST cells,I,19,0.5287001063272149,0.8968866171752149
train,Categorical EM-MMIL,I,Epithelial cells,I,75,0.42875951199750895,0.8458759255762139
train,Categorical EM-MMIL,I,Fibroblasts,I,13,0.3433958686722795,0.8065691602713413
train,Categorical EM-MMIL,I,Fibroblasts,II_III,13,0.23829705664733547,0.9851420841476395
train,Categorical EM-MMIL,I,NK cells,II_III,58,0.16991464652868082,0.4338801866593198
train,Categorical EM-MMIL,I,Epithelial cells,II_III,75,0.16953128406944637,0.5872724578935669
train,Categorical EM-MMIL,I,MAST cells,II_III,19,0.16179250441758097,0.3875106375918105
train,Categorical EM-MMIL,I,Myeloid cells,II_III,271,0.11640240305291065,0.3278582990724522
train,Categorical EM-MMIL,I,Endothelial cells,II_III,9,0.0747150566372307,0.30289435815415233
train,Categorical EM-MMIL,I,T lymphocytes,II_III,762,0.05882872561705609,0.16022139749781086
train,Categorical EM-MMIL,I,B lymphocytes,II_III,298,0.028498199056221567,0.06597641951070138
train,Categorical EM-MMIL,I,Undetermined,II_III,5,1.3384587097081538e-05,2.6118337525128008e-05
train,Categorical EM-MMIL,I,Fibroblasts,IV,13,0.41830707468038497,0.9274981407264425
train,Categorical EM-MMIL,I,Epithelial cells,IV,75,0.4017092039330446,0.9350206052698644
train,Categorical EM-MMIL,I,MAST cells,IV,19,0.30950738925520416,0.7963262141425496
train,Categorical EM-MMIL,I,Undetermined,IV,5,0.30431898103814575,0.6843576152026323
train,Categorical EM-MMIL,I,NK cells,IV,58,0.24909864824917405,0.7507814063191677
train,Categorical EM-MMIL,I,Myeloid cells,IV,271,0.23059630808532885,0.9564729296972022
train,Categorical EM-MMIL,I,B lymphocytes,IV,298,0.2268782504380454,0.703026631942602
train,Categorical EM-MMIL,I,T lymphocytes,IV,762,0.22341822941638775,0.7524254069755091
train,Categorical EM-MMIL,I,Endothelial cells,IV,9,0.21135427840049612,0.4872696471659813
train,Categorical EM-MMIL,II_III,Undetermined,I,2,0.7316575913780672,0.9399437767539782
train,Categorical EM-MMIL,II_III,Endothelial cells,I,3,0.6757497694488572,0.9659277610228358
train,Categorical EM-MMIL,II_III,B lymphocytes,I,57,0.5947136474832819,0.9525871454142593
train,Categorical EM-MMIL,II_III,T lymphocytes,I,226,0.40489779991333497,0.9390704543481895
train,Categorical EM-MMIL,II_III,Myeloid cells,I,122,0.36850203362791323,0.8651408996119319
train,Categorical EM-MMIL,II_III,NK cells,I,46,0.2946061264005812,0.8955579733731784
train,Categorical EM-MMIL,II_III,MAST cells,I,13,0.24433697281598182,0.3718016608351762
train,Categorical EM-MMIL,II_III,Epithelial cells,I,70,0.1748531245500904,0.45326744501933425
train,Categorical EM-MMIL,II_III,Fibroblasts,I,34,0.06726855113734667,0.09582738540516293
train,Categorical EM-MMIL,II_III,Oligodendrocytes,I,10,0.01441858314507565,0.030201412955498913
train,Categorical EM-MMIL,II_III,Oligodendrocytes,II_III,10,0.9411910903818121,0.9975280230876762
train,Categorical EM-MMIL,II_III,Fibroblasts,II_III,34,0.9010674141326094,0.9999999938211684
train,Categorical EM-MMIL,II_III,MAST cells,II_III,13,0.40632680441808233,0.7924004726536691
train,Categorical EM-MMIL,II_III,Epithelial cells,II_III,70,0.3572608235303128,0.9196279094027188
train,Categorical EM-MMIL,II_III,T lymphocytes,II_III,226,0.3217785832666066,0.9190956614967158
train,Categorical EM-MMIL,II_III,Myeloid cells,II_III,122,0.3024459847278178,0.7785030778958484
train,Categorical EM-MMIL,II_III,NK cells,II_III,46,0.28567992388531993,0.8608945465023232
train,Categorical EM-MMIL,II_III,Endothelial cells,II_III,3,0.24511602627263898,0.5685276959516615
train,Categorical EM-MMIL,II_III,B lymphocytes,II_III,57,0.18238994793383737,0.5859757546348034
train,Categorical EM-MMIL,II_III,Undetermined,II_III,2,4.099273461771296e-06,4.5354608294502e-06
train,Categorical EM-MMIL,II_III,Epithelial cells,IV,70,0.46788605191959687,0.993224800174532
train,Categorical EM-MMIL,II_III,NK cells,IV,46,0.4197139497140988,0.9670130354177688
train,Categorical EM-MMIL,II_III,MAST cells,IV,13,0.3493362227659358,0.8765050280713947
train,Categorical EM-MMIL,II_III,Myeloid cells,IV,122,0.32905198164426896,0.9893106593795615
train,Categorical EM-MMIL,II_III,T lymphocytes,IV,226,0.27332361682005835,0.8943281625936237
train,Categorical EM-MMIL,II_III,Undetermined,IV,2,0.2683383093484711,0.4766240585370145
train,Categorical EM-MMIL,II_III,B lymphocytes,IV,57,0.22289640458288065,0.5757378378024995
train,Categorical EM-MMIL,II_III,Endothelial cells,IV,3,0.07913420427850383,0.14918438426907787
train,Categorical EM-MMIL,II_III,Oligodendrocytes,IV,10,0.04439032647311205,0.1765627598532094
train,Categorical EM-MMIL,II_III,Fibroblasts,IV,34,0.03166403473004383,0.017651262678600736
train,Categorical EM-MMIL,IV,B lymphocytes,I,304,0.24248036449167484,0.6709995879390841
train,Categorical EM-MMIL,IV,MAST cells,I,13,0.2008158895774039,0.7500063247617922
train,Categorical EM-MMIL,IV,T lymphocytes,I,861,0.1743417085517979,0.607765735463787
train,Categorical EM-MMIL,IV,Fibroblasts,I,24,0.1607190038972015,0.474849170539564
train,Categorical EM-MMIL,IV,NK cells,I,134,0.1300234555473481,0.5380643426002951
train,Categorical EM-MMIL,IV,Myeloid cells,I,550,0.07636653904885184,0.23638718446214957
train,Categorical EM-MMIL,IV,Undetermined,I,9,0.05754743894674357,0.18333679359605415
train,Categorical EM-MMIL,IV,Epithelial cells,I,989,0.025542857188165735,0.02991502330448876
train,Categorical EM-MMIL,IV,Oligodendrocytes,I,5,0.00039515553501195575,0.0007382353677517
train,Categorical EM-MMIL,IV,Oligodendrocytes,II_III,5,0.47443964055383303,0.9883886064438874
train,Categorical EM-MMIL,IV,MAST cells,II_III,13,0.07813588608957192,0.13739319915353765
train,Categorical EM-MMIL,IV,Fibroblasts,II_III,24,0.0705779445880009,0.2637926558973326
train,Categorical EM-MMIL,IV,B lymphocytes,II_III,304,0.028216282406204638,0.030446277466715355
train,Categorical EM-MMIL,IV,Myeloid cells,II_III,550,0.022587046349978608,0.04406081932857705
train,Categorical EM-MMIL,IV,NK cells,II_III,134,0.02055743576179591,0.038119312005565835
train,Categorical EM-MMIL,IV,T lymphocytes,II_III,861,0.016298525371348876,0.0310172910202884
train,Categorical EM-MMIL,IV,Epithelial cells,II_III,989,0.007352763383244682,0.009312035786325105
train,Categorical EM-MMIL,IV,Undetermined,II_III,9,8.918829294818291e-05,0.00025373036778766005
train,Categorical EM-MMIL,IV,Epithelial cells,IV,989,0.9671043794285896,0.9999954970440036
train,Categorical EM-MMIL,IV,Undetermined,IV,9,0.9423633727603082,0.9984331074439606
train,Categorical EM-MMIL,IV,Myeloid cells,IV,550,0.9010464146011695,0.9999859878253324
train,Categorical EM-MMIL,IV,NK cells,IV,134,0.8494191086908559,0.9998279599388761
train,Categorical EM-MMIL,IV,T lymphocytes,IV,861,0.8093597660768531,0.9985574650883036
train,Categorical EM-MMIL,IV,Fibroblasts,IV,24,0.7687030515147976,0.998820968853627
train,Categorical EM-MMIL,IV,B lymphocytes,IV,304,0.7293033531021205,0.9958270111026774
train,Categorical EM-MMIL,IV,MAST cells,IV,13,0.7210482243330241,0.9856310203195393
train,Categorical EM-MMIL,IV,Oligodendrocytes,IV,5,0.5251652039111551,0.9414871105745569
train,Categorical MCEM-MMIL,I,B lymphocytes,I,298,0.734988110846708,0.9895776259058853
train,Categorical MCEM-MMIL,I,Undetermined,I,5,0.7282592003184881,0.9674519801786347
train,Categorical MCEM-MMIL,I,T lymphocytes,I,762,0.7089280204060079,0.9907395815773371
train,Categorical MCEM-MMIL,I,Endothelial cells,I,9,0.6610244257104905,0.9170207910757615
train,Categorical MCEM-MMIL,I,Myeloid cells,I,271,0.643924756853092,0.9722694647455288
train,Categorical MCEM-MMIL,I,NK cells,I,58,0.570788747348954,0.9885620797582452
train,Categorical MCEM-MMIL,I,MAST cells,I,19,0.5243011787610242,0.8524731863968773
train,Categorical MCEM-MMIL,I,Epithelial cells,I,75,0.4155356706390128,0.7979556095331992
train,Categorical MCEM-MMIL,I,Fibroblasts,I,13,0.3324938603186638,0.7842582044853762
train,Categorical MCEM-MMIL,I,Fibroblasts,II_III,13,0.2344149777457822,0.959100451813242
train,Categorical MCEM-MMIL,I,Epithelial cells,II_III,75,0.17082941722971906,0.5251800271750705
train,Categorical MCEM-MMIL,I,MAST cells,II_III,19,0.16753773024957186,0.367037274771741
train,Categorical MCEM-MMIL,I,NK cells,II_III,58,0.16281680726772352,0.42099896963613914
train,Categorical MCEM-MMIL,I,Myeloid cells,II_III,271,0.11707241157264762,0.3146829747089025
train,Categorical MCEM-MMIL,I,Endothelial cells,II_III,9,0.07700885518973583,0.292988581311934
train,Categorical MCEM-MMIL,I,T lymphocytes,II_III,762,0.06257418437127459,0.17755769001097296
train,Categorical MCEM-MMIL,I,B lymphocytes,II_III,298,0.02904538813406601,0.0752557324267011
train,Categorical MCEM-MMIL,I,Undetermined,II_III,5,8.900518043658032e-05,0.00016369269863848
train,Categorical MCEM-MMIL,I,Fibroblasts,IV,13,0.43309116193555397,0.9016863386091075
train,Categorical MCEM-MMIL,I,Epithelial cells,IV,75,0.41363491213126813,0.9160912109570465
train,Categorical MCEM-MMIL,I,MAST cells,IV,19,0.30816109098940386,0.7550091206803576
train,Categorical MCEM-MMIL,I,Undetermined,IV,5,0.2716517945010752,0.597867016876902
train,Categorical MCEM-MMIL,I,NK cells,IV,58,0.2663944453833224,0.7564207499304909
train,Categorical MCEM-MMIL,I,Endothelial cells,IV,9,0.26196671909977365,0.5291528902666238
train,Categorical MCEM-MMIL,I,Myeloid cells,IV,271,0.23900283157426036,0.930615709007902
train,Categorical MCEM-MMIL,I,B lymphocytes,IV,298,0.23596650101922587,0.6762617596666117
train,Categorical MCEM-MMIL,I,T lymphocytes,IV,762,0.2284977952227174,0.7196666438566582
train,Categorical MCEM-MMIL,II_III,Undetermined,I,2,0.7471271006482371,0.939390532768257
train,Categorical MCEM-MMIL,II_III,Endothelial cells,I,3,0.6163014004566958,0.9215525048660621
train,Categorical MCEM-MMIL,II_III,B lymphocytes,I,57,0.5941593785947026,0.9377687266521868
train,Categorical MCEM-MMIL,II_III,T lymphocytes,I,226,0.4022458701885171,0.9154442208895304
train,Categorical MCEM-MMIL,II_III,Myeloid cells,I,122,0.3835473757694242,0.8760890427028323
train,Categorical MCEM-MMIL,II_III,NK cells,I,46,0.3049476378903276,0.8686488526466842
train,Categorical MCEM-MMIL,II_III,MAST cells,I,13,0.2654808320798879,0.39907606484830527
train,Categorical MCEM-MMIL,II_III,Epithelial cells,I,70,0.18322746540750423,0.43823529656500776
train,Categorical MCEM-MMIL,II_III,Fibroblasts,I,34,0.06573336139617596,0.09305306686148855
train,Categorical MCEM-MMIL,II_III,Oligodendrocytes,I,10,0.019850783118248654,0.056364053739752264
train,Categorical MCEM-MMIL,II_III,Oligodendrocytes,II_III,10,0.9160137297383532,0.9928700084340071
train,Categorical MCEM-MMIL,II_III,Fibroblasts,II_III,34,0.8929331467200471,0.9999975932715378
train,Categorical MCEM-MMIL,II_III,MAST cells,II_III,13,0.39591768051311454,0.7665390059983842
train,Categorical MCEM-MMIL,II_III,Epithelial cells,II_III,70,0.34281594486564865,0.8822591027020079
train,Categorical MCEM-MMIL,II_III,T lymphocytes,II_III,226,0.3173278917719496,0.8994096594284172
train,Categorical MCEM-MMIL,II_III,Endothelial cells,II_III,3,0.2862514791563869,0.617188549915836
train,Categorical MCEM-MMIL,II_III,Myeloid cells,II_III,122,0.27249958051970485,0.6834335928014323
train,Categorical MCEM-MMIL,II_III,NK cells,II_III,46,0.26510473505515436,0.8142412914170726
train,Categorical MCEM-MMIL,II_III,B lymphocytes,II_III,57,0.1728800155170578,0.5308754337138494
train,Categorical MCEM-MMIL,II_III,Undetermined,II_III,2,4.2903846629946006e-05,4.48762459639756e-05
train,Categorical MCEM-MMIL,II_III,Epithelial cells,IV,70,0.4739565897268471,0.98784330008215
train,Categorical MCEM-MMIL,II_III,NK cells,IV,46,0.429947627054518,0.9621579535243239
train,Categorical MCEM-MMIL,II_III,Myeloid cells,IV,122,0.343953043710871,0.9832050582952746
train,Categorical MCEM-MMIL,II_III,MAST cells,IV,13,0.33860148740699747,0.8296995316360325
train,Categorical MCEM-MMIL,II_III,T lymphocytes,IV,226,0.2804262380395333,0.8695412361021326
train,Categorical MCEM-MMIL,II_III,Undetermined,IV,2,0.2528299955051329,0.4450914552258189
train,Categorical MCEM-MMIL,II_III,B lymphocytes,IV,57,0.2329606058882396,0.5586087596540037
train,Categorical MCEM-MMIL,II_III,Endothelial cells,IV,3,0.09744712038691727,0.1554283787991324
train,Categorical MCEM-MMIL,II_III,Oligodendrocytes,IV,10,0.06413548714339812,0.24300727767577388
train,Categorical MCEM-MMIL,II_III,Fibroblasts,IV,34,0.04133349188377699,0.060314655054050745
train,Categorical MCEM-MMIL,IV,B lymphocytes,I,304,0.25120632426673195,0.6584352330000394
train,Categorical MCEM-MMIL,IV,MAST cells,I,13,0.20899326203809798,0.7355988378177615
train,Categorical MCEM-MMIL,IV,T lymphocytes,I,861,0.18070707831332136,0.6049137258637953
train,Categorical MCEM-MMIL,IV,Fibroblasts,I,24,0.15728232038444676,0.5658943695337475
train,Categorical MCEM-MMIL,IV,NK cells,I,134,0.13449998469161914,0.5132890111939833
train,Categorical MCEM-MMIL,IV,Myeloid cells,I,550,0.08040171992412572,0.25414905259468273
train,Categorical MCEM-MMIL,IV,Undetermined,I,9,0.07256847937522833,0.23189542856671796
train,Categorical MCEM-MMIL,IV,Epithelial cells,I,989,0.026815831560510792,0.038695195099054995
train,Categorical MCEM-MMIL,IV,Oligodendrocytes,I,5,0.0008436064261910977,0.001430862590874
train,Categorical MCEM-MMIL,IV,Oligodendrocytes,II_III,5,0.47053991226337333,0.9666370460580304
train,Categorical MCEM-MMIL,IV,Fibroblasts,II_III,24,0.09036897269624004,0.28975992757265556
train,Categorical MCEM-MMIL,IV,MAST cells,II_III,13,0.08538644895830647,0.165715347145697
train,Categorical MCEM-MMIL,IV,B lymphocytes,II_III,304,0.030123050790694474,0.04270752091236463
train,Categorical MCEM-MMIL,IV,Myeloid cells,II_III,550,0.023393366985209562,0.05267335392733066
train,Categorical MCEM-MMIL,IV,NK cells,II_III,134,0.021121366157736427,0.05087899944320626
train,Categorical MCEM-MMIL,IV,T lymphocytes,II_III,861,0.019211737099225423,0.0440738626075232
train,Categorical MCEM-MMIL,IV,Epithelial cells,II_III,989,0.0077155544823530285,0.013218556393354139
train,Categorical MCEM-MMIL,IV,Undetermined,II_III,9,0.00027818402854469884,0.0008101445857188801
train,Categorical MCEM-MMIL,IV,Epithelial cells,IV,989,0.9654686139571362,0.9999803460187929
train,Categorical MCEM-MMIL,IV,Undetermined,IV,9,0.9271533365962268,0.9968472800842614
train,Categorical MCEM-MMIL,IV,Myeloid cells,IV,550,0.8962049130906646,0.9999258115584174
train,Categorical MCEM-MMIL,IV,NK cells,IV,134,0.8443786491506443,0.9995678308001961
train,Categorical MCEM-MMIL,IV,T lymphocytes,IV,861,0.8000811845874531,0.9970664074042264
train,Categorical MCEM-MMIL,IV,Fibroblasts,IV,24,0.7523487069193132,0.9937939892533163
train,Categorical MCEM-MMIL,IV,B lymphocytes,IV,304,0.7186706249425735,0.9927290002595992
train,Categorical MCEM-MMIL,IV,MAST cells,IV,13,0.7056202890035956,0.977010783965554
train,Categorical MCEM-MMIL,IV,Oligodendrocytes,IV,5,0.5286164813104355,0.9241749546994034
train,Naive inherited-label classifier,I,Undetermined,I,5,0.6469720198542989,0.8306412762409107
train,Naive inherited-label classifier,I,B lymphocytes,I,298,0.6306912596393475,0.8809463834701796
train,Naive inherited-label classifier,I,T lymphocytes,I,762,0.6191211262362093,0.8905034947717131
train,Naive inherited-label classifier,I,Myeloid cells,I,271,0.581824613310296,0.8414350071790828
train,Naive inherited-label classifier,I,NK cells,I,58,0.48648845293195103,0.7980486521494424
train,Naive inherited-label classifier,I,Endothelial cells,I,9,0.48025311318373226,0.6691498206403844
train,Naive inherited-label classifier,I,MAST cells,I,19,0.3870906180242292,0.5878431605693136
train,Naive inherited-label classifier,I,Epithelial cells,I,75,0.3633532443797503,0.5908874998321393
train,Naive inherited-label classifier,I,Fibroblasts,I,13,0.31559296387974345,0.5956985911406526
train,Naive inherited-label classifier,I,Fibroblasts,II_III,13,0.30448854714635715,0.8576231099449804
train,Naive inherited-label classifier,I,NK cells,II_III,58,0.273769487387318,0.49098285742686343
train,Naive inherited-label classifier,I,MAST cells,II_III,19,0.24228711791200244,0.340722186136624
train,Naive inherited-label classifier,I,Epithelial cells,II_III,75,0.23791855034010997,0.48808484042965916
train,Naive inherited-label classifier,I,Myeloid cells,II_III,271,0.18935640122339284,0.3243081396208206
train,Naive inherited-label classifier,I,Endothelial cells,II_III,9,0.18931790915637825,0.4372480223072388
train,Naive inherited-label classifier,I,T lymphocytes,II_III,762,0.12185830952102936,0.281821533109372
train,Naive inherited-label classifier,I,B lymphocytes,II_III,298,0.08708926869453157,0.23968138085183
train,Naive inherited-label classifier,I,Undetermined,II_III,5,0.06587585152930366,0.0942185056771237
train,Naive inherited-label classifier,I,Epithelial cells,IV,75,0.39872820528013964,0.7889127276466636
train,Naive inherited-label classifier,I,Fibroblasts,IV,13,0.37991848897389935,0.7023178580138224
train,Naive inherited-label classifier,I,MAST cells,IV,19,0.37062226406376825,0.6194885890663049
train,Naive inherited-label classifier,I,Endothelial cells,IV,9,0.33042897765988943,0.6062567671643406
train,Naive inherited-label classifier,I,Undetermined,IV,5,0.28715212861639733,0.5145557852131613
train,Naive inherited-label classifier,I,B lymphocytes,IV,298,0.28221947166612094,0.599578377439599
train,Naive inherited-label classifier,I,T lymphocytes,IV,762,0.25902056424276126,0.5925810858554699
train,Naive inherited-label classifier,I,NK cells,IV,58,0.2397420596807309,0.5501522296509856
train,Naive inherited-label classifier,I,Myeloid cells,IV,271,0.228818985466311,0.7287717841118777
train,Naive inherited-label classifier,II_III,Undetermined,I,2,0.6488664797122757,0.7993793452350859
train,Naive inherited-label classifier,II_III,B lymphocytes,I,57,0.510213132745029,0.7423759146841558
train,Naive inherited-label classifier,II_III,Endothelial cells,I,3,0.4561169815332257,0.6754019946616401
train,Naive inherited-label classifier,II_III,T lymphocytes,I,226,0.4247267488499875,0.7556264268898547
train,Naive inherited-label classifier,II_III,Myeloid cells,I,122,0.40301187253232434,0.7474203999390007
train,Naive inherited-label classifier,II_III,NK cells,I,46,0.3092489741825876,0.6070813045504375
train,Naive inherited-label classifier,II_III,MAST cells,I,13,0.2614625962378459,0.41047783006166316
train,Naive inherited-label classifier,II_III,Epithelial cells,I,70,0.2204626972885351,0.4321713015888322
train,Naive inherited-label classifier,II_III,Fibroblasts,I,34,0.15336215202402675,0.33138984495144064
train,Naive inherited-label classifier,II_III,Oligodendrocytes,I,10,0.011657146141726868,0.02925728224796548
train,Naive inherited-label classifier,II_III,Fibroblasts,II_III,34,0.8011355349885987,0.9803476648564976
train,Naive inherited-label classifier,II_III,Oligodendrocytes,II_III,10,0.7953590243325538,0.9657608069542825
train,Naive inherited-label classifier,II_III,Endothelial cells,II_III,3,0.3952560949815142,0.6328157160312275
train,Naive inherited-label classifier,II_III,MAST cells,II_III,13,0.35740231465117567,0.5585703222276932
train,Naive inherited-label classifier,II_III,NK cells,II_III,46,0.331522031839754,0.6305293137258462
train,Naive inherited-label classifier,II_III,Epithelial cells,II_III,70,0.32177556708045746,0.6636712619340134
train,Naive inherited-label classifier,II_III,T lymphocytes,II_III,226,0.29206604627773725,0.6078285805831345
train,Naive inherited-label classifier,II_III,Myeloid cells,II_III,122,0.2852429601405394,0.4932663207937622
train,Naive inherited-label classifier,II_III,B lymphocytes,II_III,57,0.21628547875949425,0.4477902437033044
train,Naive inherited-label classifier,II_III,Undetermined,II_III,2,0.07425748928055995,0.0881734481714488
train,Naive inherited-label classifier,II_III,Epithelial cells,IV,70,0.4577617356310073,0.9328039879889675
train,Naive inherited-label classifier,II_III,MAST cells,IV,13,0.3811350891109784,0.6133002625639445
train,Naive inherited-label classifier,II_III,NK cells,IV,46,0.3592289939776584,0.7617205406502667
train,Naive inherited-label classifier,II_III,Myeloid cells,IV,122,0.3117451673271363,0.81999074272871
train,Naive inherited-label classifier,II_III,T lymphocytes,IV,226,0.28320720487227524,0.71118593734263
train,Naive inherited-label classifier,II_III,Undetermined,IV,2,0.2768760310071643,0.4413048554208633
train,Naive inherited-label classifier,II_III,B lymphocytes,IV,57,0.27350138849547667,0.5070340694404281
train,Naive inherited-label classifier,II_III,Oligodendrocytes,IV,10,0.1929838295257192,0.44475342470943313
train,Naive inherited-label classifier,II_III,Endothelial cells,IV,3,0.14862692348526008,0.1800507926713308
train,Naive inherited-label classifier,II_III,Fibroblasts,IV,34,0.045502312987374574,0.1088441995112058
train,Naive inherited-label classifier,IV,B lymphocytes,I,304,0.289890928912835,0.5574037187567021
train,Naive inherited-label classifier,IV,T lymphocytes,I,861,0.2167434327641725,0.5221532049205102
train,Naive inherited-label classifier,IV,MAST cells,I,13,0.1841193668052201,0.4912742297807455
train,Naive inherited-label classifier,IV,Fibroblasts,I,24,0.16487273208751443,0.4113772754694549
train,Naive inherited-label classifier,IV,NK cells,I,134,0.15111765767257088,0.42112949870528904
train,Naive inherited-label classifier,IV,Undetermined,I,9,0.13808633927650119,0.2837139543006528
train,Naive inherited-label classifier,IV,Myeloid cells,I,550,0.12027544663069648,0.3312582348067716
train,Naive inherited-label classifier,IV,Epithelial cells,I,989,0.03446240149436175,0.0768074478186989
train,Naive inherited-label classifier,IV,Oligodendrocytes,I,5,0.0032931438861812197,0.0051162654854409
train,Naive inherited-label classifier,IV,Oligodendrocytes,II_III,5,0.3937047091949513,0.7939329358839639
train,Naive inherited-label classifier,IV,Fibroblasts,II_III,24,0.17715836115927663,0.41831837667377025
train,Naive inherited-label classifier,IV,MAST cells,II_III,13,0.1571870511113687,0.31496564936827565
train,Naive inherited-label classifier,IV,NK cells,II_III,134,0.09493014070375512,0.24066203778217637
train,Naive inherited-label classifier,IV,T lymphocytes,II_III,861,0.07893181770358271,0.1671126486512899
train,Naive inherited-label classifier,IV,B lymphocytes,II_III,304,0.07477776298337638,0.17467274531194668
train,Naive inherited-label classifier,IV,Myeloid cells,II_III,550,0.06968082898577212,0.18486001430416138
train,Naive inherited-label classifier,IV,Undetermined,II_III,9,0.042949154394160145,0.06984116409834976
train,Naive inherited-label classifier,IV,Epithelial cells,II_III,989,0.026392502818224136,0.07195010427038635
train,Naive inherited-label classifier,IV,Epithelial cells,IV,989,0.939145095687414,0.9992622275183277
train,Naive inherited-label classifier,IV,Undetermined,IV,9,0.8189645063293386,0.9289982613630797
train,Naive inherited-label classifier,IV,Myeloid cells,IV,550,0.8100437243835313,0.9870445146097289
train,Naive inherited-label classifier,IV,NK cells,IV,134,0.7539522016236738,0.9700342676190297
train,Naive inherited-label classifier,IV,T lymphocytes,IV,861,0.7043247495322448,0.9492503962097124
train,Naive inherited-label classifier,IV,MAST cells,IV,13,0.658693582083411,0.8798660350178263
train,Naive inherited-label classifier,IV,Fibroblasts,IV,24,0.6579689067532088,0.9408936277362581
train,Naive inherited-label classifier,IV,B lymphocytes,IV,304,0.6353313081037886,0.919234670861659
train,Naive inherited-label classifier,IV,Oligodendrocytes,IV,5,0.6030021469188676,0.937837889468418
